Alice,Bob,Chris
Alice,Bob,Chris
Alice,Bob,Chris
Alice,Bob,Chris
Alice,Bob,Chris
Alice,Bob,Chris
Alice,Bob,Chris
Alice,Bob,Chris
Alice,Bob,Chris
Alice,Bob,Chris
Alice,Bob,Chris
Alice,Bob,Chris
Alice,Bob,Chris
Alice,Bob,Chris
Alice,Bob,Chris
Alice,Bob,Chris
Alice,Bob,Chris
Alice,Bob,Chris
Alice,Bob,Chris
Alice,Bob,Chris
Alice,Bob,Chris
Alice,Bob,Chris
Alice,Bob,Chris
Alice,Bob,Chris
Alice,Bob,Chris
Alice,Bob,Chris
Alice,Bob,Chris
Alice,Bob,Chris
Bob,Alice,Chris
Bob,Alice,Chris
Bob,Alice,Chris
Bob,Alice,Chris
Bob,Alice,Chris
Bob,Alice,Chris
Bob,Alice,Chris
Bob,Alice,Chris
Bob,Alice,Chris
Bob,Alice,Chris
Bob,Alice,Chris
Bob,Alice,Chris
Bob,Alice,Chris
Bob,Alice,Chris
Bob,Alice,Chris
Bob,Alice,Chris
Bob,Alice,Chris
Bob,Alice,Chris
Bob,Alice,Chris
Bob,Alice,Chris
Bob,Alice,Chris
Bob,Alice,Chris
Bob,Alice,Chris
Bob,Alice,Chris
Bob,Alice,Chris
Bob,Alice,Chris
Chris,,
Chris,,
Chris,,
Don,,
Don,,
Eric,,
